objectid,ia_number,type_of_force_shown,district_beat,subject_sex,subject_race,disposition,status,occ_date
1,UOF2020-062,Firearm,AA2,Male,Black,Within Policy,Completed,20201112
2,UOF2020-063,Firearm,AD1,Male,White,Within Policy,Completed,20201113
3,UOF2020-064,Firearm,AC1,Male,Black,Within Policy,Completed,20201114
4,UOF2020-069,Firearm,AA4,Male,White,Within Policy,Completed,20201203
5,UOF2020-074,Firearm,AD4,Male,Black,Within Policy,Completed,20201204
6,UOF2020-071,Firearm,AB1,Female,White,Within Policy,Completed,20201205
7,UOF2020-073,Firearm,AA1,Male,Black,Within Policy,Completed,20201205
8,UOF2020-077,Firearm,AB3,Male,White,Within Policy,Completed,20201209
9,UOF2020-078,Firearm,AA3,Male,White,Within Policy,Completed,20201211
10,UOF2020-079,Firearm,AB1,Female,White,Within Policy,Completed,20201230
11,UOF2020-090,Firearm,AA4,Male,Black,Within Policy,Completed,20201230
12,UOF2021-007,Handgun,AA1,Female,White,Within Policy,Completed,20210105
13,UOF2021-008,Handgun,AB2,Male,White,Within Policy,Completed,20210105
14,UOF2021-009,Hangun,AB4,Male,Black,Within Policy,Completed,20210109
15,UOF2021-012,Handgun,AA3,Female,White,Within Policy,Completed,20210112
16,UOF2021-016,Handgun,AD1,Male,White,Within Policy,Completed,20210116
17,UOF2021-017,Handgun,AA4,Male,Black,Within Policy,Completed,20210119
18,UOF2021-018,Taser,AA2,Male,White,Within Policy,Completed,20210120
19,SOF2021-011,Firearm,AB4,Black,Male,Within Policy,Completed,20210126
20,UOF2021-022,Firearm,AD2,Male,White,Within Policy,Completed,20210126
21,UOF2021-023,Firearm,AB4,Male,Black,Within Policy,Completed,20210126
22,UOF2021-024,Firearm,AA4,Male,Black,Within Policy,Completed,20210128
23,UOF2021-027,Handgun,,Male,White,Within Policy,Completed,20210131
24,UOF2021-027,Handgun,,Male,White,Within Policy,Completed,20210131
25,SOF2021-012,Firearm,AD2,Black,Male,Within Policy,Completed,20210204
26,UOF2021-029,Handgun,AA1,Female,Black,Within Policy,Completed,20210204
27,UOF2021-030,Handgun,AB3,Male,White,Within Policy,Completed,20210204
28,UOF2021-037,,AB1,Male,Black,Within Policy,Completed,20210207
29,UOF2021-037,,AB1,Male,Black,Within Policy,Completed,20210207
30,SOF2021-002,Taser,AC3,Male,White,Within Policy,Completed,20210215
31,SOF2021-001,Firearm,AB1,Male,White,Within Policy,Completed,20210217
32,SOF2021-004,Firearm,AA1,Male,Black,Within Policy,Completed,20210219
33,SOF2021-004,Firearm,AA1,Male,Black,Within Policy,Completed,20210219
34,SOF2021-004,Firearm,AA1,Male,Black,Within Policy,Completed,20210219
35,SOF2021-004,Firearm,AA1,Male,Black,Within Policy,Completed,20210219
36,SOF2021-004,Firearm,AA1,Female,Black,Within Policy,Completed,20210219
37,SOF2021-005,Firearm,AB1,Male,White,Within Policy,Completed,20210219
38,SOF2021-007,Firearm,AD4,Male,Black,Within Policy,Completed,20210225
39,SOF2021-008,Firearm,AB3,Female,Black,Within Policy,Completed,20210303
40,SOF2021-008,Firearm,AB3,Female,Black,Within Policy,Completed,20210303
41,SOF2021-006,Firearm,AA4,Male,Black,Within Policy,Completed,20210304
42,SOF2021-009,Firearm,AA4,Male,Female,Within Policy,Completed,20210308
43,SOF2021-009,Firearm,AA4,Male,White,Within Policy,Completed,20210308
44,SOF2021-009,Firearm,AA4,Male,White,Within Policy,Completed,20210308
45,SOF2021-010,Firearm,AA1,Male,White,Within Policy,Completed,20210312
46,SOF2021-010,Firearm,AA1,Male,White,Within Policy,Completed,20210312
47,SOF2021-014,Taser,AA4,Female,Black,Within Policy,Completed,20210316
48,SOF2021-015,Firearm,AC1,Female,Black,Within Policy,Completed,20210318
49,SOF2021-016,Firearm,AB4,Male,White,Within Policy,Completed,20210320
50,SOF2021-013,Firearm,AB3,Male,Asian/Pacific Islander,Within Policy,Completed,20210325
51,SOF2021-017,Taser,AD1,Male,White,Within Policy,Completed,20210326
52,SOF2021-018,Firearm,AB1,Male,White,Within Policy,Completed,20210331
53,SOF2021-019,Firearm,AD3,Male,White,Within Policy,Completed,20210406
54,SOF2021-020,Firearm,AA4,Male,White,Within Policy,Completed,20210411
55,SOF2021-021,Firearm,AA4,Male,Black,Within Policy,Completed,20210420
56,SOF2021-021,Firearm,AA4,Female,Black,Within Policy,Completed,20210420
57,SOF2021-022,Firearm,AC1,Male,White,Within Policy,Completed,20210421
58,SOF2021-023,Firearm,AD2,Male,White,Within Policy,Completed,20210422
59,SOF2021-024,Firearm,AB4,Male,Black,Within Policy,Completed,20210429
60,SOF2021-027,Firearm,AA4,Male,Black,Within Policy,Completed,20210507
61,SOF2021-028,Firerarm,AC1,Male,White,Within Policy,Completed,20210510
62,SOF2021-025,Firearm,AA2,Male,White,Within Policy,Completed,20210513
63,SOF2021-029,Firearm,AA4,Male,White,Within Policy,Completed,20210518
64,SOF2021-029,Firearm,AA4,Male,White,Within Policy,Completed,20210518
65,SOF2021-030,Firearm,AB3,Male,White,Within Policy,Completed,20210518
66,SOF2021-031,Firearm,AA1,Male,Black,Within Policy,Completed,20210522
67,SOF2021-032,Firearm,AA4,Male,White,Within Policy,Completed,20210525
68,SOF2021-033,Firearm,AA1,Female,Black,Within Policy,Completed,20210527
69,SOF2021-035,Taser,AC3,Male,Black,Within Policy,Completed,20210610
70,SOF2021-036,Firearm,AD1,Male,Black,Within Policy,Completed,20210624
71,SOF2021-037,Firearm,AA3,Male,White,Within Policy,Completed,20210701
72,SOF2021-038,Firearm,AA1,Male,White,Within Policy,Completed,20210717
73,SOF2021-039,Firearm,AA4,Female,White,Within Policy,Completed,20210728
74,SOF2021-039,Firearm,AA4,Male,White,Within Policy,Completed,20210728
75,SOF2021-040,Taser,AA4,Male,Black,Within Policy,Completed,20210728
76,SOF2021-042,Firearm,AA4,Female,White,Within Policy,Completed,20210728
77,SOF2021-044,Firearm,AA1,Male,Black,Within Policy,Completed,20210729
78,SOF2021-041,Firearm,AA4,Male,White,Within Policy,Completed,20210730
79,SOF2021-045,Firearm,AB4,Male,White,Within Policy,Completed,20210824
80,SOF2021-046,Taser,AB3,Male,White,Within Policy,Completed,20210905
81,SOF2021-047,Taser,AB1,Male,Black,Within Policy,Completed,20210905
82,SOF2021-048,Firearm,AB1,Male,Black,Within Policy,Completed,20210905
83,SOF2021-049,Firearm,AA4,Male,White,Within Policy,Completed,20210907
84,SOF2021-050,Firearm,AD4,Male,Black,Within Policy,Completed,20210908
85,SOF2021-051,Firearm,AC1,Male,White,Within Policy,Completed,20210909
86,SOF2021-052,Firearm,AB3,Male,White,Within Policy,Completed,20210909
87,SOF2021-053,Firearm,AA3,Male,Black,Within Policy,Completed,20210913
88,SOF2021-054,Firearm,AA2,Male,White,Within Policy,Completed,20210919
89,SOF2021-055,Firearm,AB3,Male,White,Within Policy,Completed,20210923
90,RR-0000010,Firearm,AA3,Male,White,Within Policy,Completed,20211011
91,RR-0000009,Firearm,AB1,Male,Black,Within Policy,Completed,20211012
92,RR-0000011,Taser,AB3,Male,White,Within Policy,Completed,20211012
93,RR-0000012,Firearm,AD4,Male,White,Within Policy,Completed,20211013
94,,Firearm,AA4,Male,Black,Within Policy,Completed,20211014
95,,Firearm,AA2,Female,White,Within Policy,Completed,20211014
96,,Firearm,AA4,Male,Black,Within Policy,Completed,20211019
97,RR-0000017,Firearm,Adam,Male,White,Within Policy,Completed,20211025
98,RR-0000018,Firearm,AB3,Male,Black,Within Policy,Completed,20211027
99,RR-0000021,Firearm,AA4,Male,White,Within Policy,Completed,20211101
100,RR-0000031,Firearm,AD2,Male,Black,Within Policy,Completed,20211117
101,,Firearm,AA2,Male,White,Within Policy,Completed,20211120
102,RR-0000035,Firearm,AA4,Male,Black,Within Policy,Completed,20211126
103,,Firearm,AA1,Male,Black,Within Policy,Completed,20211129
104,RR-0000038,Firearm,AB1,Male,Black,Within Policy,Completed,20211201
105,RR-0000042,Firearm,Housing,Male,Black,Within Policy,Completed,20211208
106,RR-0000049,Taser,AB3,Male,White,Within Policy,Completed,20211212
107,RR-0000056,Firearm,AA1,Male,Black,Within Policy,Completed,20211221
108,RR-0000059,Firearm,AA4,Female,White,Within Policy,Completed,20211225
109,,Firearm,AA4,Male,White,Within Policy,Completed,20211227
110,RR-0000064,Firearm,AA4,Male,White,Within Policy,Completed,20211231
111,RR-0000068,Firearm,AA2,Male,White,Within Policy,Completed,20220105
112,RR-0000068,Firearm,AA2,Male,White,Within Policy,Completed,20220105
113,RR-0000093,Firearm,AD1,Male,Black,Within Policy,Completed,20220211
114,RR-0000095,Firearm,AC2,Male,Black,Within Policy,Completed,20220217
115,RR-0000120,Firearm,AA1,Male,Black,Within Policy,Completed,20220317
116,RR-0000123,Firearm,AA1,Male,White,Within Policy,Completed,20220321
117,RR-0000137,Firearm,AA4,Male,Black,Within Policy,Completed,20220330
118,RR-0000145,Firearm,AA4,Male,White,Within Policy,Completed,20220404
119,RR-0000148,Firearm,AA2,Male,White,Within Policy,Completed,20220404
120,RR-0000147,Firearm,AA2,Male,Black,Within Policy,Completed,20220406
121,RR-0000151,Firearm,AB3,Male,White,Within Policy,Completed,20220411
122,RR-0000156,Firearm,AA2,Male,White,Within Policy,Completed,20220412
123,RR-0000154,Firearm,AC2,Male,Black,Within Policy,Completed,20220414
124,RR-0000166,Firearm,AD1,Male,Black,Within Policy,Completed,20220426
125,RR-0000168,Firearm,AA1,Male,Black,Within Policy,Completed,20220427
126,RR-0000172,Firearm,AA2,Female,Black,Within Policy,Completed,20220502
127,RR-0000173,Firearm,AD1,Male,White,Within Policy,Completed,20220503
128,RR-0000181,Firearm,AA4,Male,Black,Within Policy,Completed,20220505
129,RR-0000177,Firearm,AC3,Female,White,Within Policy,Completed,20220506
130,RR-0000178,Taser,AC3,Male,White,Within Policy,Completed,20220507
131,RR-0000195,Firearm,AB4,Male,White,Within Policy,Completed,20220521
132,RR-0000200,Firearm,AA4,Male,Black,Within Policy,Completed,20220526
133,RR-0000203,Firearm,AA4,Male,Black,Within Policy,Completed,20220601
134,RR-0000205,Firearm,AB1,Male,Black,Within Policy,Completed,20220602
135,RR-0000207,Firearm,AA1,Male,Black,Within Policy,Completed,20220604
136,RR-0000213,Firearm,AB3,Male,White,Within Policy,Completed,20220611
137,RR-0000209,Firearm,AB3,Male,White,Within Policy,Completed,20220612
138,RR-0000210,Firearm,AA2,Male,White,Within Policy,Completed,20220613
139,RR-0000216,Firearm,AA4,Male,White,Within Policy,Completed,20220617
140,RR-0000238,Firearm,AA2,Male,White,Within Policy,Completed,20220712
141,RR-0000243,Firearm,AA3,Male,White,Within Policy,Completed,20220717
142,RR-0000250,Firearm,AD1,Male,Black,Within Policy,Completed,20220722
143,RR-0000251,Firearm,AD1,Male,Black,Within Policy,Completed,20220722
144,RR-0000252,Firearm,AD1,Male,Black,Within Policy,Completed,20220722
145,RR-0000262,Firearm,AA3,Male,White,Within Policy,Completed,20220726
146,RR-0000265,Firearm,AB1,Male,White,Within Policy,Completed,20220730
147,RR-0000271,Firearm,AB4,Female,White,Within Policy,Completed,20220803
148,RR-0000272,Firearm,AA2,Female,White,Within Policy,Completed,20220803
149,RR-0000289,Firearm,AB3,Male,White,Within Policy,Completed,20220823
150,RR-0000292,Firearm,AA2,Male,White,Within Policy,Completed,20220824
151,RR-0000300,Taser,AA2,Male,White,Within Policy,Completed,20220825
152,RR-0000297,Firearm,AA4,Male,Black,Within Policy,Completed,20220829
153,RR-0000308,Firearm,AA4,Male,Black,Within Policy,Completed,20220906
154,RR-0000315,Firearm,AA1,Male,Black,Within Policy,Completed,20220914
155,RR-0000321,Firearm,AB4,Male,Black,Within Policy,Completed,20220921
156,RR-0000322,Taser,AC1,Male,White,Within Policy,Completed,20220925
157,RR-0000331,Firearm,AA1,Male,Black,Within Policy,Completed,20221005
158,RR-0000332,Firearm,AD1,Male,White,Within Policy,Completed,20221008
159,RR-0000335,Firearm,AD1,Male,Black,Within Policy,Completed,20221009
160,RR-0000336,Firearm,AD2,Male,Black,Within Policy,Completed,20221009
161,RR-0000340,Firearm,AA1,Male,Black,Within Policy,Completed,20221013
162,RR-0000341,Firearm,AB4,Male,Black,Within Policy,Completed,20221013
163,RR-0000342,Firearm,AB3,Male,Black,Within Policy,Completed,20221019
164,RR-0000345,Firearm,AA1,Male,Black,Within Policy,Completed,20221023
165,RR-0000348,Firearm,AA4,Male,Black,Within Policy,Completed,20221027
166,RR-0000352,Firearm,AA2,Male,Black,Within Policy,Completed,20221101
167,RR-0000357,Firearm,AC3,Male,Black,Within Policy,Completed,20221106
168,RR-0000362,Firearm,AA4,Male,Black,Within Policy,Completed,20221107
169,RR-0000361,Taser,AB1,Male,White,Within Policy,Completed,20221108
170,RR-0000368,Firearm,AA4,Male,Black,Within Policy,Completed,20221123
171,RR-0000369,Firearm,AD2,Male,Black,Within Policy,Completed,20221125
172,RR-0000371,Firearm,AA1,Male,Black,Within Policy,Completed,20221129
173,RR-0000383,Firearm,AA1,Male,Black,Within Policy,Completed,20221215
174,RR-0000384,Firearm,AC3,Male,Black,Within Policy,Completed,20221216
175,RR-0000393,Firearm,AA4,Female,White,Within Policy,Completed,20221227
176,RR-0000397,Firearm,AB4,Male,White,Within Policy,Completed,20221231
177,RR-0000401,Firearm,AB1,Male,White,Within Policy,Completed,20230104
178,RR-0000404,Firearm,AC1,Male,White,Within Policy,Completed,20230110
179,RR-0000407,Firearm,AB1,Male,White,Within Policy,Completed,20230111
180,RR-0000417,Firearm,AA2,Male,Black,Within Policy,Completed,20230112
181,RR-0000408,Firearm,AD2,Male,Black,Within Policy,Completed,20230115
182,RR-0000416,Taser,AD3,Male,Black,Within Policy,Completed,20230122
183,RR-0000419,Firearm,AA1,Male,White,Within Policy,Completed,20230124
184,RR-0000424,Firearm,AA1,Male,White,Within Policy,Completed,20230129
185,RR-0000427,Firearm,AA4,Male,Black,Within Policy,Completed,20230130
186,RR-0000432,Firearm,AB2,Male,Black,Within Policy,Completed,20230131
187,RR-0000435,Firearm,AB1,Male,White,Within Policy,Completed,20230207
188,RR-0000437,Taser,AC1,Male,Black,Within Policy,Completed,20230208
189,RR-0000446,Firearm,AA1,Male,White,Within Policy,Completed,20230217
190,RR-0000451,Firearm,AA2,Male,White,Within Policy,Completed,20230227
191,RR-0000455,Firearm,AA2,Male,White,Within Policy,Completed,20230311
192,RR-0000467,Firearm,AA4,Male,White,Within Policy,Completed,20230324
193,RR-0000468,Firearm,AC1,Male,Asian,Within Policy,Completed,20230326
194,RR-0000472,Firearm,AD1,Male,White,Within Policy,Completed,20230328
195,RR-0000475,Firearm,AB4,Male,Black,Within Policy,Completed,20230330
196,RR-0000477,Firearm,AB3,Male,White,Within Policy,Completed,20230331
197,RR-0000480,Taser,AD4,Male,White,Within Policy,Completed,20230402
198,RR-0000493,Firearm,AC1,Unknown,Unknown,Within Policy,Completed,20230422
199,RR-0000493,Firearm,AC1,Male,Black,Within Policy,Completed,20230422
200,RR-0000498,Taser,AA2,Male,Black,Within Policy,Completed,20230430
201,RR-0000517,Firearm,AA2,Male,White,Within Policy,Completed,20230512
202,RR-0000515,Firearm,AC2,Unknown,Other,Within Policy,Completed,20230516
203,RR-0000523,Firearm,AD1,Male,Black,Within Policy,Completed,20230521
204,RR-0000523,Firearm,AD1,Male,Black,Within Policy,Completed,20230521
205,RR-0000530,Firearm,AB4,Male,Black,Within Policy,Completed,20230530
206,RR-0000538,Firearm,AC1,Male,White,Within Policy,Completed,20230603
207,RR-0000541,Taser,AC1,Male,White,Within Policy,Completed,20230607
208,RR-0000556,Firearm,AC3,Male,Black,Within Policy,Completed,20230622
209,RR-0000557,Firearm,AC1,Male,White,Within Policy,Completed,20230623
210,RR-0000562,Firearm,AA4,Male,White,Within Policy,Completed,20230627
211,RR-0000645,Firearm,AB4,Female,White,Within Policy,Completed,20230929
212,RR-0000638,Firearm,AD3,Male,White,Within Policy,Completed,20230922
213,RR-0000633,Firearm,AA2,Male,Black,Within Policy,Completed,20230911
214,RR-0000628,Firearm,AC3,Male,Black,Within Policy,Completed,20230906
215,RR-0000620,Firearm,AB4,Male,White,Within Policy,Completed,20230825
216,RR-0000616,Firearm,AB4,Female,White,Within Policy,Completed,20220822
217,RR-0000614,Firearm,AC3,Male,White,Within Policy,Completed,20230821
218,RR-0000605,Firearm,AC3,Male,Black,Within Policy,Completed,20230811
219,RR-0000597,Firearm,AA3,Male,Black,Within Policy,Completed,20230804
220,RR-0000593,Firearm,AB1,Male,Black,Within Policy,Completed,20230723
221,RR-0000589,Firearm,AD2,Male,White,Within Policy,Completed,20230725
222,RR-0000577,Taser,AD1,Male,White,Within Policy,Completed,20230712
223,RR-0000569,Firearm,AB4,Male,White,Within Policy,Completed,20230705
224,RR-0000566,Firearm,AC2,Male,Black,Within Policy,Completed,20230701
225,RR-0000647,Firearm,AB3,Male,White,Within Policy,Completed,20231001
226,RR-0000658,Firearm,AA1,Male,Black,Within Policy,Completed,20231012
227,RR-0000659,Firearm,AB1,Male,Black,Within Policy,Completed,20231012
228,RR-0000662,Firearm,AC3,Male,White,Within Policy,Completed,20231022
229,RR-0000663,Firearm,AA2,Male,White,Within Policy,Completed,20231022
230,RR-0000677,Firearm,AB1,Male,Black,Within Policy,Completed,20231104
231,RR-0000680,Firearm,AB2,Male,White,Within Policy,Completed,20231107
232,RR-0000681,Firearm,AA4,Male,White,Within Policy,Completed,19921108
233,RR-0000693,Firearm,AA4,Female,White,Within Policy,Completed,20231123
234,RR-0000694,Firearm,AD3,Male,Black,Within Policy,Completed,20231123
235,RR-0000705,Firearm,AB4,Male,Black,Within Policy,Completed,20231206
236,RR-0000706,Firearm,AD3,Male,White,Within Policy,Completed,20231209
237,RR-0000711,Firearm,AB1,Male,Black,Within Policy,Completed,20231212
238,RR-0000713,Firearm,AB1,Male,Black,Within Policy,Completed,20231212
239,RR-0000715,Firearm,AA3,Male,Black,Within Policy,Completed,20231214
240,RR-0000717,Firearm,AD4,Male,Black,Within Policy,Completed,20231216
241,RR-0000725,Firearm,AB1,Male,American Indian,Within Policy,Completed,20231227
242,RR-0000728,Firearm,AD4,Male,Black,Within Policy,Completed,20231229
243,RR-0000667,Firearm,AB3,Male,White,Within Policy,Completed,20231028
244,RR-0000687,Taser,AA2,Male,White,Within Policy,Completed,20231119
245,RR-0000691,Firearm,AA1,Male,Black,Within Policy,Completed,20231120
246,RR-0000714,Firearm,AA4,Male,Black,Within Policy,Completed,20231213
247,RR-0000730,Firearm,AC1,Male,Black,Within Policy,Completed,20231230
248,RR-2000001,Firearm,AA4,Male,Black,Within Policy,Completed,20240103
249,RR-2000002,Firearm,AB3,Male,White,Within Policy,Completed,20240105
250,RR-2000003,Firearm,AD4,Male,White,Within Policy,Completed,20240105
251,RR-0000739,Firearm,AA4,Male,Black,Within Policy,Completed,20240118
252,RR-0000741,Firearm,AA4,Male,Black,Within Policy,Completed,20240121
253,RR-0000749,Firearm,AA4,Male,White,Within Policy,Completed,20240126
254,RR-0000750,Firearm,AC2,Male,Black,Within Policy,Completed,20240126
255,RR-0000755,Firearm,AB4,Male,White,Within Policy,Completed,20240131
256,RR-0000761,Firearm,AD4,Male,Black,Within Policy,Completed,20240111
257,RR-0000764,Firearm,AD2,Male,Black,Within Policy,Completed,20240206
258,RR-0000763,Taser,AA1,Male,Black,Within Policy,Completed,20240206
259,RR-0000771,Firearm,AB1,Male,Black,Within Policy,Completed,20240215
260,RR-0000772,Firearm,AB1,Male,Black,Within Policy,Completed,20240215
261,RR-0000776,Firearm,AA4,Male,Black,Within Policy,Completed,20240224
262,RR-0000781,Taser,AB1,Male,White,Within Policy,Completed,20240228
263,RR-0000784,Firearm,AA2,Male,White,Within Policy,Completed,20240229
264,RR-0000786,Firearm,AD3,Male,White,Within Policy,Completed,20240304
265,RR-0000792,Taser,AB4,Male,White,Within Policy,Completed,20240305
266,RR-0000787,Firearm,AB3,Male,Black,Within Policy,Completed,20240307
267,RR-0000789,Firearm,AB1,Male,White,Within Policy,Completed,20240308
268,RR-0000799,Firearm,AD3,Female,White,Within Policy,Completed,20240314
269,RR-0000801,Firearm,AB4,Male,White,Within Policy,Completed,20240320
270,RR-0000807,Firearm,AA4,Male,Black,Within Policy,Completed,20240320
271,RR-0000803,Firearm,AA4,Male,White,Within Policy,Completed,20240321
272,RR-0000818,Firearm,AC1,Male,Black,Within Policy,Completed,20240327
273,RR-0000810,Firearm,AA4,Male,White,Within Policy,Completed,20240328
274,RR-0000811,Firearm,AC1,Male,White,Within Policy,Completed,20240328
275,RR-0000813,Firearm,AD3,Male,Black,Within Policy,Completed,20240329
276,RR-0000815,Taser,AA1,Male,White,Within Policy,Completed,20240401
277,RR-0000821,Firearm,AD4,Female,White,Within Policy,Completed,20240405
278,RR-0000827,Firearm,AA4,Male,Black,Within Policy,Completed,20240416
279,RR-0000831,Firearm,AD3,Male,White,Within Policy,Completed,20240420
280,RR-0000832,Firearm,AC2,Male,Black,Within Policy,Completed,20240421
281,RR-0000840,Firearm,AA4,Male,Black,Within Policy,Completed,20240430
282,RR-0000845,Firearm,AA1,Male,Black,Within Policy,Completed,20240505
283,RR-0000849,Firearm,AD4,Male,White,Within Policy,Completed,20240507
284,RR-0000864,Firearm,AA3,Male,White,Within Policy,Completed,20240519
285,RR-0000872,Firearm,AA1,Male,White,Within Policy,Completed,20240525
286,RR-0000869,Firearm,AB4,Male,Black,Within Policy,Completed,20240525
287,RR-0000875,Firearm,AD1,Male,White,Within Policy,Completed,20240601
288,RR-0000876,Firearm,AB1,Male,Black,Within Policy,Completed,20240602
289,RR-0000881,Firearm,AD1,Male,Black,Within Policy,Completed,20240604
290,RR-0000879,Firearm,AD1,Male,Black,Within Policy,Completed,20240604
291,RR-0000878,Taser,AD1,Male,Black,Within Policy,Completed,20240604
292,RR-0000887,Firearm,AB3,Male,White,Within Policy,Completed,20240609
293,RR-0000890,Taser,AA1,Male,Unknown,Within Policy,Completed,20240611
294,RR-0000914,Firearm,AD4,Male,White,Within Policy,Completed,20240619
295,RR-0000900,Firearm,AC2,Male,Black,Within Policy,Completed,20240621
296,RR-0000905,Firearm,AD1,Male,White,Within Policy,Completed,20240624
297,RR-0000912,Firearm,AA4,Male,White,Within Policy,Completed,20240627
298,RR-0000917,Taser,AD4,Male,White,Within Policy,Completed,20240703
299,RR-0000922,Firearm,AA2,Female,White,Within Policy,Completed,20240713
300,RR-0000924,Firearm,AA2,Male,White,Within Policy,Completed,20240713
301,RR-0000925,Firearm,AB4,Male,White,Within Policy,Completed,20240714
302,RR-0000926,Firearm,AC1,Male,White,Within Policy,Completed,20240715
303,RR-0000933,Firearm,AD1,Male,Black,Within Policy,Completed,20240718
304,RR-0000938,Firearm,AB4,Male,White,Within Policy,Completed,20240725
305,RR-0000943,Firearm,AB4,Male,White,Within Policy,Completed,20240726
306,RR-0000945,Firearm,AA1,Male,Black,Within Policy,Completed,20240728
307,RR-0000947,Firearm,AA4,Female,White,Within Policy,Completed,20240729
308,RR-0000949,Firearm,AB2,Male,White,Within Policy,Completed,20240730
309,RR-0000956,Firearm,AA4,Male,Black,Within Policy,Completed,20240806
310,RR-0000963,Firearm,AD1,Female,White,Within Policy,Completed,20240819
311,RR-0000966,Firearm,AB1,Female,White,Within Policy,Completed,20240823
312,RR-0000969,Firearm,AA4,Female,Black,Within Policy,Completed,20240825
313,RR-0000968,Firearm,AC2,Male,Black,Within Policy,Completed,20240825
314,RR-0000971,Firearm,AA1,Female,White,Within Policy,Completed,20240829
315,RR-0000991,Firearm,AA2,Male,White,Within Policy,Completed,20240919
316,RR-0001003,Firearm,AD2,Male,White,Within Policy,Completed,20240925
317,RR-0001009,Firearm,AD3,Male,Black,Within Policy,Completed,20241015
318,RR-0001011,Firearm,AB4,Male,White,Within Policy,Completed,20241017
319,RR-0001013,Firearm,AC1,Male,Black,Within Policy,Completed,20241018
320,RR-0001014,Firearm,AA1,Male,White,Within Policy,Completed,20241019
321,RR-0001042,Firearm,AC3,Male,Black,Within Policy,Completed,20241108
322,RR-0001043,Firearm,AC3,Male,White,Within Policy,Completed,20241108
323,RR-0001054,Firearm,AA3,Male,Black,Within Policy,Completed,20241119
324,RR-0001053,Firearm,AC2,Male,Black,Within Policy,Completed,20241121
325,RR-0001056,Firearm,AB3,Male,White,Within Policy,Completed,20241126
326,RR-0001057,Firearm,AA1,Male,White,Within Policy,Completed,20241130
327,RR-0001064,Firearm,AB1,Male,Black,Within Policy,Completed,20241207
328,RR-0001069,Firearm,AA4,Male,White,Within Policy,Completed,20241207
329,RR-0001071,Firearm,AB1,Male,Black,Within Policy,Completed,20241213
330,RR-0001074,Firearm,AC2,Male,White,Within Policy,Completed,20241216
331,RR-0001085,Firearm,AB3,Male,White,Within Policy,Completed,20241229
332,RR-0001102,Firearm,AA2,Male,Black,Within Policy,Completed,20250125
333,RR-0001109,Firearm,AB2,Male,Black,Within Policy,Completed,20250205
334,RR-0001117,Firearm,AC1,Male,White,Within Policy,Completed,20250213
335,RR-0001118,Firearm,AB4,Male,Black,Within Policy,Completed,20250214
336,RR-0001119,Taser,AA4,Male,Black,Within Policy,Completed,20250215
337,RR-0001136,Firearm,AA4,Male,White,Within Policy,Completed,20250303
338,RR-0001138,Firearm,AA2,Male,Black,Pending,Pending,20250304
339,RR-0001146,Firearm,AB2,Female,White,Within Policy,Completed,20250316
340,RR-0001152,Taser,AC3,Male,White,Pending,Pending,20250317
341,RR-0001150,Firearm,AC3,Male,Black,Within Policy,Completed,20250320
342,RR-0001153,Firearm,AC3,Male,White,Within Policy,Completed,20250329
